Category,Product/Brand,Primary Keywords,Long-tail Keywords,Question Keywords,Comparison Keywords,Problem-solving Keywords,Purchase Intent Keywords
Food & Beverages,Olipop,"olipop, functional soda, prebiotic soda","olipop ingredients, olipop nutrition facts, olipop vs poppi","is olipop healthy, what is olipop, does olipop work","olipop vs soda, olipop vs kombucha, best prebiotic drink","digestive health drinks, gut health soda, healthy soda alternatives","buy olipop, olipop near me, olipop discount, olipop subscription"
Food & Beverages,Protein Powder,"protein powder, whey protein, plant protein","best protein powder for weight loss, protein powder without artificial sweeteners, organic protein powder","what protein powder should I use, is protein powder safe, how much protein powder daily","whey vs casein vs plant protein, best protein powder vs worst","protein powder for muscle gain, clean protein powder, protein powder digestive issues","protein powder reviews, buy protein powder, protein powder deals"
Food & Beverages,Coffee,"coffee, coffee beans, ground coffee, coffee brands","best coffee for espresso, single origin coffee, fair trade coffee, organic coffee","what coffee tastes best, how to choose coffee beans, is coffee healthy","starbucks vs local coffee, arabica vs robusta, light vs dark roast","coffee for energy, low acid coffee, decaf coffee benefits","buy coffee beans online, coffee subscription, coffee deals"
Skincare & Beauty,CeraVe,"cerave, cerave cleanser, cerave moisturizer","cerave foaming cleanser vs hydrating cleanser, cerave moisturizing cream ingredients, cerave for oily skin","is cerave good for acne, what makes cerave special, does cerave work","cerave vs cetaphil, cerave vs la roche posay, best cerave products","gentle cleanser for sensitive skin, ceramide moisturizer, non-comedogenic skincare","cerave reviews, buy cerave, cerave where to buy, cerave discount"
Skincare & Beauty,The Ordinary,"the ordinary, the ordinary skincare, niacinamide, retinol","the ordinary skincare routine, the ordinary niacinamide 10% zinc 1%, the ordinary hyaluronic acid","how to use the ordinary products, what is niacinamide, the ordinary routine order","the ordinary vs cerave, cheap skincare that works, affordable retinol","skincare for beginners, acne treatment routine, anti-aging on budget","the ordinary stockists, the ordinary reviews, buy the ordinary"
Skincare & Beauty,Sunscreen,"sunscreen, SPF, mineral sunscreen, chemical sunscreen","best sunscreen for face, zinc oxide sunscreen, reef safe sunscreen, tinted sunscreen","what SPF should I use, is mineral sunscreen better, sunscreen for sensitive skin","mineral vs chemical sunscreen, best facial sunscreen vs body sunscreen","sunscreen for acne prone skin, daily sunscreen, broad spectrum protection","sunscreen reviews, buy sunscreen, sunscreen deals, travel size sunscreen"
Health & Supplements,Magnesium,"magnesium, magnesium supplement, magnesium glycinate","magnesium for sleep, magnesium citrate vs glycinate, chelated magnesium","what type of magnesium is best, how much magnesium daily, magnesium deficiency symptoms","magnesium glycinate vs oxide, best magnesium supplement brand","magnesium for anxiety, magnesium for muscle cramps, natural sleep aid","magnesium supplement reviews, buy magnesium glycinate, quality magnesium"
Health & Supplements,Vitamin D,"vitamin d, vitamin d3, vitamin d supplement","vitamin d3 with k2, high dose vitamin d, liquid vitamin d, vitamin d deficiency","how much vitamin d should I take, vitamin d2 vs d3, signs of vitamin d deficiency","best vitamin d supplement, vitamin d with or without food","vitamin d for immune system, vitamin d for depression, winter vitamin d","vitamin d test, buy vitamin d3, vitamin d deals"
Health & Supplements,Probiotics,"probiotics, probiotic supplement, gut health","best probiotic for women, probiotics with prebiotics, refrigerated probiotics, probiotic strains","what probiotics should I take, do probiotics work, probiotics for digestive health","probiotics vs prebiotics, best probiotic brand, probiotics for IBS","probiotics for immune system, probiotics after antibiotics, natural gut health","probiotic reviews, buy probiotics, quality probiotic supplement"
OTC Medications,Claritin,"claritin, loratadine, allergy medicine, antihistamine","claritin vs zyrtec vs allegra, 24 hour allergy relief, non-drowsy allergy medicine","what allergy medicine works best, is claritin safe daily, claritin side effects","claritin vs zyrtec effectiveness, best allergy medication","seasonal allergies, pollen allergy relief, pet allergy medicine","claritin generic, buy claritin, allergy medicine deals"
OTC Medications,NyQuil,"nyquil, cold medicine, flu medicine, nighttime cold relief","nyquil ingredients, nyquil vs dayquil, alcohol-free cold medicine, children's cold medicine","is nyquil safe, how long does nyquil last, nyquil drug interactions","nyquil vs robitussin, best cold medicine, nighttime cough medicine","cold and flu relief, sinus congestion medicine, sleep aid cold medicine","nyquil reviews, buy cold medicine, pharmacy cold medicine"
Baby & Parenting,Baby Formula,"baby formula, infant formula, organic baby formula","similac vs enfamil vs gerber, best baby formula for newborns, hypoallergenic formula, formula for colic","what baby formula is best, how to choose baby formula, is organic formula better","baby formula comparison, European baby formula vs American","formula for gas, formula for reflux, gentle baby formula","baby formula reviews, buy baby formula, formula subscription"
Baby & Parenting,Car Seats,"car seat, infant car seat, convertible car seat, booster seat","safest car seat 2024, car seat safety ratings, IIHS top pick car seats, lightweight car seat","what car seat should I buy, how to install car seat, when to switch car seats","car seat vs infant carrier, best car seat brand, car seat expiration","car seat for small cars, extended rear facing, car seat safety","car seat reviews, buy car seat, car seat deals, car seat installation"
Fashion & Footwear,Crocs,"crocs, crocs shoes, crocs clogs, crocs sandals","crocs classic clog, crocs literide, crocs fuzzy slippers, crocs with fur, platform crocs","are crocs comfortable, are crocs good for feet, why are crocs popular","crocs vs birkenstock, real vs fake crocs, best crocs style","crocs for nurses, crocs for walking, waterproof shoes","crocs sale, buy crocs, crocs discount, authentic crocs"
Fashion & Footwear,Nike,"nike, nike shoes, nike sneakers, air jordan","nike air max, nike running shoes, nike basketball shoes, retro jordans, nike dunk","what nike shoes are best, are nike shoes worth it, how to clean nike shoes","nike vs adidas, authentic nike vs fake, best nike running shoe","nike for flat feet, nike for wide feet, durable athletic shoes","nike deals, buy nike, nike outlet, authentic nike retailer"
Household,Air Purifier,"air purifier, HEPA air purifier, air cleaner","best air purifier for allergies, air purifier for smoke, quiet air purifier, room air purifier","do air purifiers work, what size air purifier do I need, air purifier vs humidifier","dyson vs shark air purifier, best air purifier brand, air purifier comparison","air purifier for pets, air purifier for asthma, clean air solutions","air purifier reviews, buy air purifier, air purifier deals"
Household,Tide Pods,"tide pods, laundry detergent, laundry pods, tide detergent","tide pods vs liquid detergent, tide pods ingredients, eco-friendly laundry pods, sensitive skin detergent","are tide pods safe, how many tide pods per load, tide pods vs powder","tide vs persil vs arm and hammer, best laundry detergent brand","stain removal detergent, high efficiency detergent, concentrated detergent","tide pods deals, buy laundry detergent, bulk laundry pods"
