Research Driver,Description,Product Examples,Search Behavior,Keyword Types,Seasonality,Business Impact
Health & Safety Concerns,"Products that directly impact health, safety, or bodily functions require extensive research","Baby formula, car seats, supplements, OTC medications, skincare for sensitive skin","Ingredient research, safety certifications, pediatrician/dermatologist recommendations, clinical studies","'ingredients list', 'side effects', 'clinical trials', 'doctor recommended', 'FDA approved'","Year-round with seasonal spikes (allergy season, cold/flu season)","High conversion rates, longer research cycles, strong brand loyalty once established"
Price Point & Value,Higher-priced items or products with ongoing costs drive research to justify spending,"Premium skincare, organic foods, supplements, household appliances, athletic shoes","Price comparisons, cost-per-use calculations, durability research, warranty information","'best value', 'worth the money', 'vs cheaper alternative', 'cost per serving', 'how long does it last'",Year-round with holiday shopping spikes,"Price-sensitive customers, comparison shopping, strong influence on purchase decisions"
Ingredient Transparency & Clean Labels,Consumers research products to understand what they're putting in/on their bodies,"Skincare actives, protein powders, baby products, organic foods, clean beauty","Ingredient breakdowns, 'clean' vs 'toxic' ingredients, certification research","'clean ingredients', 'what is [ingredient]', 'natural vs synthetic', 'organic certification'",Year-round trend growing stronger,"Growing market segment, premium pricing opportunities, brand differentiation"
Performance & Effectiveness,Products that promise specific results require validation through research,"Fitness supplements, anti-aging skincare, cleaning products, weight loss aids, hair treatments","Before/after photos, efficacy studies, user testimonials, professional reviews","'does [product] work', 'results', 'before and after', 'clinical studies', 'effectiveness'",Year-round with New Year/summer body seasonal spikes,"High expectations, need for proof, potential for viral success or failure"
Trending & Social Media Influence,Viral products drive research as consumers verify hype and authenticity,"Stanley cups, Olipop, Prime drinks, viral beauty products, TikTok-famous items","Authenticity verification, trend analysis, influencer credibility checks","'is [product] worth the hype', 'real vs fake', '[influencer] recommended', 'viral [product]'",Highly seasonal based on social media cycles,"Rapid sales spikes, authenticity concerns, shorter product lifecycles"
Problem-Solving Needs,Products that address specific problems require research to find the right solution,"Acne treatments, digestive supplements, allergy medications, organizational products","Problem identification, solution comparison, success rate research","'how to fix [problem]', 'best [product] for [condition]', '[product] for [specific issue]'",Year-round with problem-specific seasonality,"High purchase intent, solution-focused marketing opportunities"
Age & Life Stage Appropriateness,Products for specific demographics require research for age-appropriate options,"Baby products, elderly care items, teen skincare, pregnancy vitamins, children's supplements","Age-specific formulations, safety for different life stages, pediatric/geriatric considerations","'safe for [age group]', '[product] for babies/kids/seniors', 'pregnancy safe'",Life-event driven seasonality,"Specialized market segments, higher price tolerance, safety-first mentality"
Sustainability & Ethics,Growing consumer consciousness drives research into brand values and practices,"Eco-friendly cleaning products, cruelty-free beauty, sustainable fashion, ethical sourcing","Certification verification, company practices research, environmental impact studies","'cruelty-free', 'sustainable', 'eco-friendly', 'ethical sourcing', 'carbon neutral'",Year-round with Earth Day spikes,"Values-based purchasing, brand loyalty, premium pricing acceptance"
Professional Recommendations,Products endorsed by professionals require verification of credentials and recommendations,"Dermatologist-recommended skincare, dentist-approved oral care, trainer-recommended supplements","Professional credential verification, clinical backing research, expert opinion comparison","'dermatologist recommended', 'doctor approved', 'professional grade', 'clinical strength'",Year-round,"High trust factor, authority-based marketing, credibility requirements"
Competitive Alternatives,Consumers research when multiple viable options exist in a category,"Streaming services, protein powders, skincare routines, allergy medications","Feature comparisons, price analysis, user experience research, switching cost evaluation","'[brand A] vs [brand B]', 'best [category]', 'alternatives to [product]', 'comparison'",Year-round,"Comparison-focused content needs, competitive positioning, feature highlighting"
